epoch,step,train_loss,val_loss
0,49,0.0034413659013807774,
0,99,2.3724136352539062,
0,149,0.4425279200077057,
0,199,2.3502469062805176,
0,249,1.3091533184051514,
0,299,0.7773197293281555,
0,299,,1.1493247747421265
1,349,1.3763874769210815,
1,399,1.3260648250579834,
1,449,1.1546497344970703,
1,499,1.147251009941101,
1,549,1.48147714138031,
1,599,1.076326847076416,
1,599,,1.1225398778915405
2,649,0.7559328675270081,
2,699,1.3635985851287842,
2,749,0.9595829248428345,
2,799,1.62003755569458,
2,849,0.9513430595397949,
2,899,1.5540982484817505,
2,899,,1.1724909543991089
3,949,1.0674986839294434,
3,999,1.0019831657409668,
3,1049,1.4727075099945068,
3,1099,0.8861589431762695,
3,1149,0.6914469599723816,
3,1199,1.0591646432876587,
3,1199,,1.1240613460540771
4,1249,0.655401885509491,
4,1299,1.2015118598937988,
4,1349,1.2816776037216187,
4,1399,1.4547874927520752,
4,1449,1.0755674839019775,
4,1499,1.3014096021652222,
4,1499,,1.149738073348999
5,1549,1.46567964553833,
5,1599,0.8325455188751221,
5,1649,0.8756852149963379,
5,1699,0.7380874156951904,
5,1749,0.9199654459953308,
5,1799,1.0353484153747559,
5,1799,,1.1494885683059692
6,1849,1.0223352909088135,
6,1899,0.8178065419197083,
6,1949,1.3464574813842773,
6,1999,0.8451656103134155,
6,2049,0.9964337944984436,
6,2099,1.119614839553833,
6,2099,,1.1263182163238525
7,2149,1.0732648372650146,
7,2199,0.7505349516868591,
7,2249,1.2543940544128418,
7,2299,1.3898402452468872,
7,2349,1.4529426097869873,
7,2399,1.3094160556793213,
7,2399,,1.1729686260223389
8,2449,1.0630242824554443,
8,2499,1.6891000270843506,
8,2549,0.6538841724395752,
8,2599,1.6594029664993286,
8,2649,0.6223061680793762,
8,2699,0.822364330291748,
8,2699,,1.2705053091049194
9,2749,1.4733494520187378,
9,2799,1.787878394126892,
9,2849,0.7847475409507751,
9,2899,0.33679699897766113,
9,2949,1.743584156036377,
9,2999,1.5379369258880615,
9,2999,,1.289825201034546
10,3049,0.79593425989151,
10,3099,1.0023231506347656,
10,3149,1.5510025024414062,
10,3199,1.482302188873291,
10,3249,1.4682151079177856,
10,3299,1.3124839067459106,
10,3299,,1.1322879791259766
11,3349,1.3645961284637451,
11,3399,0.8876111507415771,
11,3449,1.1821856498718262,
11,3499,1.5395426750183105,
11,3549,0.7709858417510986,
11,3599,1.4291808605194092,
11,3599,,1.1771423816680908
12,3649,1.5233209133148193,
12,3699,0.9756906032562256,
12,3749,1.2182939052581787,
12,3799,1.4713704586029053,
12,3849,1.2597308158874512,
12,3899,0.24464310705661774,
12,3899,,1.6277180910110474
13,3949,1.930473804473877,
13,3999,1.0447907447814941,
13,4049,0.9881207942962646,
13,4099,1.2071102857589722,
13,4149,1.3341786861419678,
13,4199,1.0764576196670532,
13,4199,,1.1450282335281372
14,4249,1.0609314441680908,
14,4299,1.2775955200195312,
14,4349,1.315807819366455,
14,4399,1.528794288635254,
14,4449,1.215523600578308,
14,4499,1.2061185836791992,
14,4499,,1.179649829864502
15,4549,0.5894014239311218,
15,4599,1.3050976991653442,
15,4649,1.3071444034576416,
15,4699,1.2298357486724854,
15,4749,1.2390565872192383,
15,4799,1.445791244506836,
15,4799,,1.1414978504180908
16,4849,0.7174537181854248,
16,4899,1.4142824411392212,
16,4949,1.440459966659546,
16,4999,1.21760892868042,
16,5049,1.080418348312378,
16,5099,1.069489598274231,
16,5099,,1.117600440979004
17,5149,1.1801745891571045,
17,5199,0.6189757585525513,
17,5249,1.2362797260284424,
17,5299,1.1166412830352783,
17,5349,1.5358002185821533,
17,5399,0.824184775352478,
17,5399,,1.1395217180252075
18,5449,1.1580697298049927,
18,5499,0.6479478478431702,
18,5549,1.0214868783950806,
18,5599,0.9259684085845947,
18,5649,0.7867718935012817,
18,5699,1.1668586730957031,
18,5699,,1.1102049350738525
19,5749,1.020317554473877,
19,5799,0.7780382633209229,
19,5849,1.1687583923339844,
19,5899,1.135791301727295,
19,5949,0.8603312373161316,
19,5999,1.288162350654602,
19,5999,,1.1086426973342896
20,6049,0.7432030439376831,
20,6099,1.0874525308609009,
20,6149,0.7082446813583374,
20,6199,1.39420747756958,
20,6249,1.2119154930114746,
20,6299,1.0862510204315186,
20,6299,,1.1117432117462158
21,6349,1.2834951877593994,
21,6399,1.176387071609497,
21,6449,1.3235759735107422,
21,6499,0.7930421829223633,
21,6549,1.0620554685592651,
21,6599,0.7952793836593628,
21,6599,,1.1376045942306519
22,6649,1.964223861694336,
22,6699,1.726902961730957,
22,6749,1.5129504203796387,
22,6799,0.7439054846763611,
22,6849,1.4113056659698486,
22,6899,0.6073046922683716,
22,6899,,1.2484372854232788
23,6949,0.9292334318161011,
23,6999,0.8065924048423767,
23,7049,0.8540041446685791,
23,7099,0.5724544525146484,
23,7149,1.8177669048309326,
23,7199,0.18187089264392853,
23,7199,,1.1409350633621216
24,7249,0.6263071894645691,
24,7299,0.1542196124792099,
24,7349,2.2994651794433594,
24,7399,1.992240071296692,
24,7449,0.17042294144630432,
24,7499,0.5257217288017273,
24,7499,,1.2213982343673706
25,7549,1.989288568496704,
25,7599,1.0665194988250732,
25,7649,2.139216899871826,
25,7699,2.8276166915893555,
25,7749,3.1659064292907715,
25,7799,0.07623419165611267,
25,7799,,1.6197446584701538
26,7849,0.032949212938547134,
26,7899,0.08305690437555313,
26,7949,1.449763536453247,
26,7999,2.0809807777404785,
26,8049,4.257116794586182,
26,8099,3.100234270095825,
26,8099,,1.7742266654968262
27,8149,3.2410404682159424,
27,8199,0.1703997254371643,
27,8249,2.961735725402832,
27,8299,0.16431258618831635,
27,8349,0.0023092764895409346,
27,8399,0.0373472236096859,
27,8399,,1.5860968828201294
28,8449,3.867985725402832,
28,8499,1.7029149532318115,
28,8549,0.13191545009613037,
28,8599,3.0633959770202637,
28,8649,0.08889942616224289,
28,8699,3.3769001960754395,
28,8699,,1.5468692779541016
29,8749,0.0433039590716362,
29,8799,0.054784804582595825,
29,8849,2.323498487472534,
29,8899,2.4284427165985107,
29,8949,0.07322251796722412,
29,8999,0.09572171419858932,
29,8999,,1.482930302619934
30,9049,3.375216484069824,
30,9099,3.5674774646759033,
30,9149,2.7919061183929443,
30,9199,3.1520910263061523,
30,9249,3.248692512512207,
30,9299,3.484055280685425,
30,9299,,1.511575698852539
31,9349,0.10145106911659241,
31,9399,1.7261046171188354,
31,9449,2.007431983947754,
31,9499,0.029209651052951813,
31,9549,0.0198186207562685,
31,9599,2.194856643676758,
31,9599,,1.4755338430404663
32,9649,0.02857336588203907,
32,9699,0.047112856060266495,
32,9749,0.04710887745022774,
32,9799,5.7962517738342285,
32,9849,1.7965245246887207,
32,9899,1.5817830562591553,
32,9899,,1.4833276271820068
33,9949,0.1415892392396927,
33,9999,0.041761647909879684,
33,10049,0.02775326557457447,
33,10099,0.021117020398378372,
33,10149,0.06446514278650284,
33,10199,0.9515358805656433,
33,10199,,1.5196846723556519
34,10249,0.039917465299367905,
34,10299,0.940208911895752,
34,10349,0.03111191838979721,
34,10399,0.023874538019299507,
34,10449,3.2730748653411865,
34,10499,0.19650636613368988,
34,10499,,1.3508573770523071
35,10549,0.053462859243154526,
35,10599,0.074586883187294,
35,10649,0.02425810880959034,
35,10699,0.021428493782877922,
35,10749,0.04962548241019249,
35,10799,3.155730962753296,
35,10799,,1.649261474609375
36,10849,0.022436117753386497,
36,10899,3.7626891136169434,
36,10949,0.013785509392619133,
36,10999,4.89848518371582,
36,11049,0.041107673197984695,
36,11099,0.031654082238674164,
36,11099,,1.4211204051971436
37,11149,0.027379848062992096,
37,11199,0.028012488037347794,
37,11249,0.050810206681489944,
37,11299,3.603914499282837,
37,11349,0.044963911175727844,
37,11399,0.01918662153184414,
37,11399,,1.3469666242599487
38,11449,0.018397172912955284,
38,11499,0.029520465061068535,
38,11549,0.03721262142062187,
38,11599,0.9857341051101685,
38,11649,0.03861584886908531,
38,11699,0.0419602245092392,
38,11699,,1.2970157861709595
39,11749,0.02706952765583992,
39,11799,0.029969094321131706,
39,11849,0.03182211518287659,
39,11899,0.046642616391181946,
39,11949,3.0124759674072266,
39,11999,0.048552464693784714,
39,11999,,1.6333502531051636
40,12049,0.02816409431397915,
40,12099,0.151083841919899,
40,12149,3.6010541915893555,
40,12199,0.022664325311779976,
40,12249,4.456183910369873,
40,12299,5.674294948577881,
40,12299,,1.756762981414795
41,12349,2.6677355766296387,
41,12399,0.050927355885505676,
41,12449,3.7523088455200195,
41,12499,0.01994810439646244,
41,12549,3.5750250816345215,
41,12599,3.7594246864318848,
41,12599,,1.7089101076126099
42,12649,1.3957107067108154,
42,12699,0.01951342634856701,
42,12749,0.08975721895694733,
42,12799,0.031104637309908867,
42,12849,3.9365479946136475,
42,12899,2.4566125869750977,
42,12899,,1.4183183908462524
43,12949,0.0198118407279253,
43,12999,3.9662957191467285,
43,13049,0.04391667991876602,
43,13099,0.008708239533007145,
43,13149,0.0255487859249115,
43,13199,0.017596207559108734,
43,13199,,1.7080596685409546
44,13249,2.7495968341827393,
44,13299,0.009751186706125736,
44,13349,0.018978673964738846,
44,13399,1.6058027744293213,
44,13449,0.015486580319702625,
44,13499,0.02236524410545826,
44,13499,,1.5829548835754395
45,13549,3.811406135559082,
45,13599,0.23193864524364471,
45,13649,2.9260358810424805,
45,13699,3.5977706909179688,
45,13749,0.03844987601041794,
45,13799,0.012086487375199795,
45,13799,,1.6354691982269287
46,13849,1.4670445919036865,
46,13899,0.00974209699779749,
46,13949,3.0156309604644775,
46,13999,4.042055606842041,
46,14049,0.03754816949367523,
46,14099,0.028332481160759926,
46,14099,,1.652937650680542
47,14149,0.0038454411551356316,
47,14199,0.016466787084937096,
47,14249,0.10109804570674896,
47,14299,0.31151285767555237,
47,14349,0.020436670631170273,
47,14399,0.027252716943621635,
47,14399,,1.7169443368911743
48,14449,4.0650739669799805,
48,14499,0.01874236948788166,
48,14549,0.029114477336406708,
48,14599,0.016055580228567123,
48,14649,0.14953292906284332,
48,14699,0.012492147274315357,
48,14699,,1.5881364345550537
49,14749,0.017097342759370804,
49,14799,0.00737113319337368,
49,14849,0.007793141063302755,
49,14899,0.014864051714539528,
49,14949,3.7960755825042725,
49,14999,0.00886031985282898,
49,14999,,1.8112753629684448
50,15049,5.248034954071045,
50,15099,0.07705280184745789,
50,15149,2.315095901489258,
50,15199,0.018134860321879387,
50,15249,4.36795711517334,
50,15299,0.039918724447488785,
50,15299,,1.702859878540039
51,15349,0.013742946088314056,
51,15399,0.04288262873888016,
51,15449,0.007987580262124538,
51,15499,2.459946870803833,
51,15549,2.8554842472076416,
51,15599,0.042113274335861206,
51,15599,,1.734507441520691
52,15649,1.4116334915161133,
52,15699,0.00878493208438158,
52,15749,0.029203282669186592,
52,15799,5.755006313323975,
52,15849,4.051967620849609,
52,15899,0.2518419325351715,
52,15899,,1.6618589162826538
53,15949,0.018573297187685966,
53,15999,0.01592242531478405,
53,16049,0.011885304003953934,
53,16099,0.02866511605679989,
53,16149,5.2742838859558105,
53,16199,4.250344276428223,
53,16199,,1.5368314981460571
54,16249,4.910654544830322,
54,16299,0.007612386718392372,
54,16349,0.005694358143955469,
54,16399,2.1116230487823486,
54,16449,2.308624505996704,
54,16499,0.04790928587317467,
54,16499,,1.8582189083099365
55,16549,0.04644610360264778,
55,16599,0.0313531719148159,
55,16649,0.036252088844776154,
55,16699,0.006623694207519293,
55,16749,0.048988211899995804,
55,16799,0.04534585773944855,
55,16799,,1.658515453338623
56,16849,0.4658006727695465,
56,16899,0.14129626750946045,
56,16949,0.023141900077462196,
56,16999,0.011444278061389923,
56,17049,0.005852586589753628,
56,17099,0.030779056251049042,
56,17099,,1.5747215747833252
57,17149,0.008692167699337006,
57,17199,0.07359681278467178,
57,17249,1.8422907590866089,
57,17299,0.833606481552124,
57,17349,1.7447502613067627,
57,17399,0.6236029267311096,
57,17399,,1.5373467206954956
58,17449,1.366509199142456,
58,17499,1.1649987697601318,
58,17549,0.9349378943443298,
58,17599,1.4130339622497559,
58,17649,2.0852317810058594,
58,17699,1.2215745449066162,
58,17699,,1.479909896850586
59,17749,0.845452070236206,
59,17799,1.3694278001785278,
59,17849,1.3636186122894287,
59,17899,1.4699150323867798,
59,17949,0.2018163502216339,
59,17999,1.3241053819656372,
59,17999,,1.169911503791809
60,18049,1.364565134048462,
60,18099,1.0343602895736694,
60,18149,0.9724723696708679,
60,18199,1.052198886871338,
60,18249,1.0114953517913818,
60,18299,1.049727201461792,
60,18299,,1.100837230682373
61,18349,1.70155930519104,
61,18399,1.5321102142333984,
61,18449,1.3685654401779175,
61,18499,1.2397421598434448,
61,18549,0.8866796493530273,
61,18599,1.005577802658081,
61,18599,,1.1210156679153442
62,18649,0.472955584526062,
62,18699,2.060734748840332,
62,18749,0.20257733762264252,
62,18799,1.5852077007293701,
62,18849,0.5386155843734741,
62,18899,0.09625605493783951,
62,18899,,1.2043954133987427
63,18949,0.6781671643257141,
63,18999,0.8737941980361938,
63,19049,1.7120710611343384,
63,19099,0.0508807934820652,
63,19149,0.03190802410244942,
63,19199,3.160827159881592,
63,19199,,1.3526610136032104
64,19249,3.9853594303131104,
64,19299,0.06126663088798523,
64,19349,0.02480795420706272,
64,19399,4.6050262451171875,
64,19449,3.2026474475860596,
64,19499,0.1287841796875,
64,19499,,1.4280390739440918
65,19549,0.0967889279127121,
65,19599,3.7134275436401367,
65,19649,3.0984232425689697,
65,19699,0.037011146545410156,
65,19749,3.2782042026519775,
65,19799,0.05556793138384819,
65,19799,,1.2662941217422485
66,19849,5.676235675811768,
66,19899,4.7537689208984375,
66,19949,0.17944630980491638,
66,19999,3.0314579010009766,
66,20049,2.859567165374756,
66,20099,0.032875966280698776,
66,20099,,1.4218006134033203
67,20149,0.05917510762810707,
67,20199,0.04800325632095337,
67,20249,0.09699461609125137,
67,20299,0.0363699235022068,
67,20349,2.829353094100952,
67,20399,2.097578763961792,
67,20399,,1.2886357307434082
68,20449,0.06271569430828094,
68,20499,0.05513019114732742,
68,20549,3.431622266769409,
68,20599,0.0608060285449028,
68,20649,2.77843976020813,
68,20699,0.06073490530252457,
68,20699,,1.4990671873092651
69,20749,4.095616817474365,
69,20799,2.665998697280884,
69,20849,0.06340783089399338,
69,20899,4.519146919250488,
69,20949,0.03232996165752411,
69,20999,0.07822533696889877,
69,20999,,1.2366304397583008
70,21049,0.09217692166566849,
70,21099,3.5106914043426514,
70,21149,0.05466765537858009,
70,21199,4.404503345489502,
70,21249,0.03498057276010513,
70,21299,5.790695667266846,
70,21299,,1.3343013525009155
71,21349,0.04349309951066971,
71,21399,0.05847913399338722,
71,21449,0.01328603457659483,
71,21499,0.03459567949175835,
71,21549,1.4635233879089355,
71,21599,0.020099885761737823,
71,21599,,1.4314302206039429
72,21649,1.7624197006225586,
72,21699,0.025451285764575005,
72,21749,6.199827194213867,
72,21799,0.031398922204971313,
72,21849,0.02446752041578293,
72,21899,0.02635258063673973,
72,21899,,1.5420496463775635
73,21949,0.3369002640247345,
73,21999,2.948842763900757,
73,22049,1.2242422103881836,
73,22099,0.1951187402009964,
73,22149,0.06387919932603836,
73,22199,6.355445861816406,
73,22199,,1.4275822639465332
74,22249,0.027429955080151558,
74,22299,0.45255351066589355,
74,22349,0.014603865332901478,
74,22399,3.613574981689453,
74,22449,0.043169014155864716,
74,22499,0.07301686704158783,
74,22499,,1.434998631477356
75,22549,0.030152445659041405,
75,22599,0.03946101292967796,
75,22649,3.129559278488159,
75,22699,0.03503294661641121,
75,22749,0.02423739619553089,
75,22799,3.3096470832824707,
75,22799,,1.4730465412139893
76,22849,0.021120987832546234,
76,22899,3.996156930923462,
76,22949,0.02339055761694908,
76,22999,3.674483060836792,
76,23049,0.03875312954187393,
76,23099,4.0229082107543945,
76,23099,,1.481412410736084
77,23149,0.020462483167648315,
77,23199,0.024134067818522453,
77,23249,0.009233510121703148,
77,23299,2.1444733142852783,
77,23349,0.0329473651945591,
77,23399,0.03745872527360916,
77,23399,,1.422225832939148
78,23449,0.30869218707084656,
78,23499,3.564469575881958,
78,23549,0.01878776215016842,
78,23599,3.2269704341888428,
78,23649,0.03030349686741829,
78,23699,1.4027215242385864,
78,23699,,1.6336649656295776
79,23749,0.021328257396817207,
79,23799,0.016393613070249557,
79,23849,0.012959659099578857,
79,23899,0.016285482794046402,
79,23949,0.02765285037457943,
79,23999,3.8658714294433594,
79,23999,,1.3716943264007568
80,24049,3.5181751251220703,
80,24099,4.015214443206787,
80,24149,0.10586319118738174,
80,24199,3.4982409477233887,
80,24249,0.03852821886539459,
80,24299,0.017836295068264008,
80,24299,,1.4629594087600708
81,24349,3.2537176609039307,
81,24399,3.173365831375122,
81,24449,2.680722236633301,
81,24499,0.021813003346323967,
81,24549,3.4171760082244873,
81,24599,0.02286509983241558,
81,24599,,1.5734283924102783
82,24649,5.280832290649414,
82,24699,4.778707981109619,
82,24749,0.04776996001601219,
82,24799,0.04425648972392082,
82,24849,0.01534806564450264,
82,24899,2.74688720703125,
82,24899,,1.261664867401123
83,24949,0.06230369582772255,
83,24999,0.011991790495812893,
83,25049,4.066932678222656,
83,25099,3.65143084526062,
83,25149,5.689823150634766,
83,25199,0.030730968341231346,
83,25199,,1.3999425172805786
84,25249,3.377375364303589,
84,25299,0.024414589628577232,
84,25349,0.032518766820430756,
84,25399,0.025193026289343834,
84,25449,0.03173965960741043,
84,25499,0.062304817140102386,
84,25499,,1.4458709955215454
85,25549,4.5871357917785645,
85,25599,3.962608575820923,
85,25649,5.0314483642578125,
85,25699,4.209644794464111,
85,25749,3.452500343322754,
85,25799,0.04967959225177765,
85,25799,,1.3374484777450562
86,25849,0.02972785197198391,
86,25899,3.439800500869751,
86,25949,0.022735176607966423,
86,25999,2.4903032779693604,
86,26049,0.07688391953706741,
86,26099,0.029875844717025757,
86,26099,,1.5098631381988525
87,26149,0.02975226752460003,
87,26199,0.03289557620882988,
87,26249,0.002372071845456958,
87,26299,0.02486412040889263,
87,26349,0.05015827342867851,
87,26399,0.03526831045746803,
87,26399,,1.4310238361358643
88,26449,0.040783390402793884,
88,26499,0.013693207874894142,
88,26549,0.035888850688934326,
88,26599,0.025259051471948624,
88,26649,2.1347408294677734,
88,26699,5.2290472984313965,
88,26699,,1.448155164718628
89,26749,0.02723044343292713,
89,26799,3.6275997161865234,
89,26849,0.033630672842264175,
89,26899,0.05484822764992714,
89,26949,2.112128257751465,
89,26999,0.06154107674956322,
89,26999,,1.3200373649597168
90,27049,0.1698339730501175,
90,27099,0.05797652527689934,
90,27149,0.021346813067793846,
90,27199,0.015545971691608429,
90,27249,0.019565680995583534,
90,27299,1.9161441326141357,
90,27299,,1.3225016593933105
91,27349,3.1037726402282715,
91,27399,0.04304410144686699,
91,27449,0.0377388633787632,
91,27499,2.5131778717041016,
91,27549,0.04322062060236931,
91,27599,0.02507026679813862,
91,27599,,1.6275655031204224
92,27649,0.031052056699991226,
92,27699,0.02733333595097065,
92,27749,3.591140031814575,
92,27799,0.023175911977887154,
92,27849,2.595385789871216,
92,27899,2.181476354598999,
92,27899,,1.5097547769546509
93,27949,0.009718603454530239,
93,27999,1.548400640487671,
93,28049,0.005792735144495964,
93,28099,4.395675182342529,
93,28149,0.04082859307527542,
93,28199,3.868223190307617,
93,28199,,1.5844348669052124
94,28249,0.06000061333179474,
94,28299,6.32505464553833,
94,28349,0.05034022778272629,
94,28399,2.276071310043335,
94,28449,1.591300129890442,
94,28499,0.016963504254817963,
94,28499,,1.6348241567611694
95,28549,0.026430603116750717,
95,28599,0.1854197084903717,
95,28649,5.954113483428955,
95,28699,0.03701183572411537,
95,28749,0.04115915670990944,
95,28799,0.029384111985564232,
95,28799,,1.679909110069275
96,28849,0.013004021719098091,
96,28899,0.01848260499536991,
96,28949,3.605564594268799,
96,28999,1.8464902639389038,
96,29049,0.01564960367977619,
96,29099,0.0243801549077034,
96,29099,,1.6866672039031982
97,29149,3.964755058288574,
97,29199,0.012157975696027279,
97,29249,0.010536989197134972,
97,29299,0.976508378982544,
97,29349,3.129032850265503,
97,29399,0.14578887820243835,
97,29399,,1.563450813293457
98,29449,2.5921967029571533,
98,29499,0.008141662925481796,
98,29549,0.012039846740663052,
98,29599,3.945512056350708,
98,29649,0.013381315395236015,
98,29699,3.1913094520568848,
98,29699,,1.644167184829712
99,29749,0.00768100144341588,
99,29799,0.027741670608520508,
99,29849,0.02305348590016365,
99,29899,0.02425810880959034,
99,29949,0.022531112655997276,
99,29999,6.961456775665283,
99,29999,,1.6554208993911743
100,30049,0.03635969012975693,
100,30099,6.713390350341797,
100,30149,0.08085967600345612,
100,30199,3.978888511657715,
100,30249,0.02000325731933117,
100,30299,3.242171287536621,
100,30299,,1.5533198118209839
101,30349,0.006136741489171982,
101,30399,0.012117697857320309,
101,30449,0.057607587426900864,
101,30499,0.05697808787226677,
101,30549,0.01613769493997097,
101,30599,0.13822709023952484,
101,30599,,1.7594749927520752
102,30649,0.008986268192529678,
102,30699,0.024654092267155647,
102,30749,0.018439773470163345,
102,30799,2.7752697467803955,
102,30849,2.439739942550659,
102,30899,3.149592638015747,
102,30899,,1.3556463718414307
103,30949,4.159660816192627,
103,30999,0.08243928104639053,
103,31049,0.015782209113240242,
103,31099,0.01746489480137825,
103,31149,0.03837725892663002,
103,31199,0.026786617934703827,
103,31199,,1.4898847341537476
104,31249,0.037470895797014236,
104,31299,0.04749568924307823,
104,31349,0.029503218829631805,
104,31399,4.271182060241699,
104,31449,0.016398772597312927,
104,31499,0.018029259517788887,
104,31499,,1.4859551191329956
105,31549,2.516355276107788,
105,31599,2.3648884296417236,
105,31649,0.0930279940366745,
105,31699,0.018569551408290863,
105,31749,3.634868860244751,
105,31799,5.16633415222168,
105,31799,,1.4615802764892578
106,31849,0.021747101098299026,
106,31899,0.04556684568524361,
106,31949,0.007273739669471979,
106,31999,0.007936254143714905,
106,32049,0.016903845593333244,
106,32099,0.008939010091125965,
106,32099,,1.7520219087600708
107,32149,0.03727785497903824,
107,32199,0.014194712042808533,
107,32249,0.015772823244333267,
107,32299,0.02288665436208248,
107,32349,3.6834397315979004,
107,32399,3.293436050415039,
107,32399,,1.54165518283844
108,32449,0.01192900724709034,
108,32499,0.018013805150985718,
108,32549,2.2756497859954834,
108,32599,0.0382847897708416,
108,32649,0.09050200134515762,
108,32699,0.05568632856011391,
108,32699,,1.5501645803451538
109,32749,4.08175802230835,
109,32799,0.025928694754838943,
109,32849,0.026154015213251114,
109,32899,0.03684375435113907,
109,32949,0.03759248927235603,
109,32999,1.8849217891693115,
109,32999,,1.7081036567687988
110,33049,0.007492773234844208,
110,33099,0.02832309529185295,
110,33149,0.023010265082120895,
110,33199,0.0358213372528553,
110,33249,0.021986311301589012,
110,33299,0.05195097625255585,
110,33299,,1.4979771375656128
111,33349,0.12931907176971436,
111,33399,4.449513912200928,
111,33449,2.228437900543213,
111,33499,0.050246816128492355,
111,33549,4.10193395614624,
111,33599,0.11056144535541534,
111,33599,,1.588307499885559
112,33649,1.5723732709884644,
112,33699,1.4141335487365723,
112,33749,0.040848735719919205,
112,33799,5.972436428070068,
112,33849,0.07221657037734985,
112,33899,0.0774284228682518,
112,33899,,1.6783113479614258
113,33949,3.1131808757781982,
113,33999,0.21286137402057648,
113,34049,0.09066271781921387,
113,34099,0.05221067741513252,
113,34149,0.013334382325410843,
113,34199,0.01566474325954914,
113,34199,,1.6015573740005493
114,34249,0.057177718728780746,
114,34299,0.14790302515029907,
114,34349,0.0225357748568058,
114,34399,0.06150767207145691,
114,34449,3.7542848587036133,
114,34499,0.8978036642074585,
114,34499,,1.500938057899475
115,34549,0.038703471422195435,
115,34599,0.011251688003540039,
115,34649,0.00991892535239458,
115,34699,0.015411808155477047,
115,34749,0.006071694195270538,
115,34799,0.07301919162273407,
115,34799,,1.7520771026611328
116,34849,0.014845142140984535,
116,34899,0.07418008148670197,
116,34949,2.5075061321258545,
116,34999,0.08074663579463959,
116,35049,0.023799574002623558,
116,35099,0.02379491925239563,
116,35099,,1.6729564666748047
117,35149,0.005653700791299343,
117,35199,0.4417281448841095,
117,35249,2.8607823848724365,
117,35299,0.032232776284217834,
117,35349,4.267265319824219,
117,35399,0.025572026148438454,
117,35399,,1.5997583866119385
118,35449,0.3075608015060425,
118,35499,0.027736686170101166,
118,35549,0.01325933076441288,
118,35599,3.196986436843872,
118,35649,0.024175960570573807,
118,35699,0.0742993950843811,
118,35699,,1.6293808221817017
119,35749,0.016273990273475647,
119,35799,2.2373600006103516,
119,35849,0.009916210547089577,
119,35899,0.10379475355148315,
119,35949,0.027417544275522232,
119,35999,0.005577833857387304,
119,35999,,1.7980694770812988
120,36049,0.015428123995661736,
120,36099,0.006466180086135864,
120,36149,2.7543864250183105,
120,36199,0.006464877165853977,
120,36249,0.0027323553804308176,
120,36299,3.8096532821655273,
120,36299,,1.5452641248703003
121,36349,0.041672807186841965,
121,36399,0.027932966127991676,
121,36449,3.788090467453003,
121,36499,2.8254308700561523,
121,36549,0.017664140090346336,
121,36599,0.01156153529882431,
121,36599,,1.550374150276184
122,36649,0.016442395746707916,
122,36699,0.06121314689517021,
122,36749,0.14262878894805908,
122,36799,0.035829272121191025,
122,36849,0.00873411912471056,
122,36899,1.5563695430755615,
122,36899,,1.6577738523483276
123,36949,0.009191460907459259,
123,36999,3.8432180881500244,
123,37049,0.005843460559844971,
123,37099,0.04121303930878639,
123,37149,2.482603073120117,
123,37199,0.5523996353149414,
123,37199,,1.578351378440857
124,37249,0.02882171981036663,
124,37299,2.914815902709961,
124,37349,0.047986213117837906,
124,37399,0.05131450667977333,
124,37449,0.02350560761988163,
124,37499,0.005435805767774582,
124,37499,,1.607982873916626
125,37549,0.032100602984428406,
125,37599,0.01286163181066513,
125,37649,4.150762557983398,
125,37699,3.3971214294433594,
125,37749,2.4670650959014893,
125,37799,0.028486937284469604,
125,37799,,1.4770171642303467
126,37849,0.042762476950883865,
126,37899,2.484760046005249,
126,37949,4.372151851654053,
126,37999,0.029870636761188507,
126,38049,0.04912271350622177,
126,38099,0.15814156830310822,
126,38099,,1.5949770212173462
127,38149,0.03686007112264633,
127,38199,0.042750485241413116,
127,38249,0.01182098314166069,
127,38299,3.4073197841644287,
127,38349,1.9364324808120728,
127,38399,0.03409232571721077,
127,38399,,1.7935243844985962
128,38449,0.04532626271247864,
128,38499,0.03666829317808151,
128,38549,0.04070453345775604,
128,38599,0.03748662769794464,
128,38649,0.013205921277403831,
128,38699,5.763931751251221,
128,38699,,1.915424108505249
129,38749,3.6946239471435547,
129,38799,4.337435722351074,
129,38849,3.716392755508423,
129,38899,5.06496524810791,
129,38949,0.026566198095679283,
129,38999,0.04513610154390335,
129,38999,,1.6397929191589355
130,39049,0.03296536207199097,
130,39099,0.04507730156183243,
130,39149,0.9206498861312866,
130,39199,3.2132790088653564,
130,39249,0.05011507496237755,
130,39299,3.5251617431640625,
130,39299,,1.4800785779953003
131,39349,0.03781956061720848,
131,39399,0.008084667846560478,
131,39449,0.0072615500539541245,
131,39499,0.017216281965374947,
131,39549,0.09648199379444122,
131,39599,0.0832938477396965,
131,39599,,2.0104997158050537
132,39649,0.006726006045937538,
132,39699,4.32215690612793,
132,39749,0.3304004669189453,
132,39799,0.04303222894668579,
132,39849,1.1794936656951904,
132,39899,3.4375860691070557,
132,39899,,1.811273217201233
133,39949,0.012021943926811218,
133,39999,3.7284157276153564,
133,40049,0.005896672606468201,
133,40099,0.049186836928129196,
133,40149,3.3343398571014404,
133,40199,0.052081458270549774,
133,40199,,1.7957370281219482
134,40249,0.044144146144390106,
134,40299,5.397183895111084,
134,40349,0.05313814803957939,
134,40399,2.133492946624756,
134,40449,0.02939510904252529,
134,40499,0.04401775822043419,
134,40499,,1.8490211963653564
135,40549,0.0057466295547783375,
135,40599,2.35199236869812,
135,40649,0.03897431865334511,
135,40699,0.010909083299338818,
135,40749,0.006274998188018799,
135,40799,0.005449321586638689,
135,40799,,1.7289996147155762
136,40849,0.08806709945201874,
136,40899,2.8703367710113525,
136,40949,0.036712534725666046,
136,40999,0.029043147340416908,
136,41049,3.664334297180176,
136,41099,0.008774887770414352,
136,41099,,1.6613271236419678
137,41149,0.015345364809036255,
137,41199,0.029822619631886482,
137,41249,3.8835530281066895,
137,41299,0.022131022065877914,
137,41349,4.842695713043213,
137,41399,1.411942720413208,
137,41399,,1.5342532396316528
138,41449,0.14782138168811798,
138,41499,3.1488759517669678,
138,41549,0.013449417427182198,
138,41599,0.03312763571739197,
138,41649,4.446769714355469,
138,41699,2.0546767711639404,
138,41699,,1.4064321517944336
139,41749,0.03423840552568436,
139,41799,0.05311576649546623,
139,41849,0.015009209513664246,
139,41899,3.942136764526367,
139,41949,0.010938090272247791,
139,41999,0.03206920251250267,
139,41999,,1.7957956790924072
140,42049,0.2516300678253174,
140,42099,0.006506449542939663,
140,42149,0.032094135880470276,
140,42199,0.03710051625967026,
140,42249,3.7615888118743896,
140,42299,0.028069401159882545,
140,42299,,1.743906021118164
141,42349,0.006861221045255661,
141,42399,3.1969947814941406,
141,42449,0.007605406921356916,
141,42499,3.2066473960876465,
141,42549,0.03345337510108948,
141,42599,0.02139640413224697,
141,42599,,1.6116657257080078
142,42649,3.5559864044189453,
142,42699,0.007099401671439409,
142,42749,0.012239115312695503,
142,42799,3.0000531673431396,
142,42849,0.054624538868665695,
142,42899,0.006292293779551983,
142,42899,,1.5439789295196533
143,42949,5.989744186401367,
143,42999,0.14772585034370422,
143,43049,0.008765553124248981,
143,43099,0.04353909566998482,
143,43149,0.058074500411748886,
143,43199,3.1994283199310303,
143,43199,,1.7431585788726807
144,43249,5.085745334625244,
144,43299,3.28845477104187,
144,43349,2.036022186279297,
144,43399,0.0100230248644948,
144,43449,0.040767136961221695,
144,43499,0.03696117177605629,
144,43499,,1.6357553005218506
145,43549,0.006475537084043026,
145,43599,3.658938407897949,
145,43649,0.008700203150510788,
145,43699,0.03211907297372818,
145,43749,1.5524612665176392,
145,43799,0.005081357900053263,
145,43799,,1.7711678743362427
146,43849,0.02652405947446823,
146,43899,4.0124640464782715,
146,43949,0.036536816507577896,
146,43999,0.03601960465312004,
146,44049,0.010369944386184216,
146,44099,0.012989666312932968,
146,44099,,1.8224118947982788
147,44149,3.375589609146118,
147,44199,8.075190544128418,
147,44249,0.05447293817996979,
147,44299,0.0064888023771345615,
147,44349,0.01176761370152235,
147,44399,4.452221393585205,
147,44399,,1.8033816814422607
148,44449,0.05131077021360397,
148,44499,0.032238200306892395,
148,44549,0.025351570919156075,
148,44599,2.758760690689087,
148,44649,0.06273338198661804,
148,44699,0.020851217210292816,
148,44699,,1.6956826448440552
149,44749,0.03551063314080238,
149,44799,0.03159933537244797,
149,44849,3.446390151977539,
149,44899,0.06449118256568909,
149,44949,0.04654533043503761,
149,44999,0.05767735466361046,
149,44999,,1.4620068073272705
150,45049,0.012668490409851074,
150,45099,4.544751167297363,
150,45149,0.038247961550951004,
150,45199,0.01634400710463524,
150,45249,0.05218125879764557,
150,45299,0.04314618185162544,
150,45299,,1.7312473058700562
151,45349,0.013477644883096218,
151,45399,0.8680320382118225,
151,45449,0.5184502005577087,
151,45499,0.012020530179142952,
151,45549,0.05775252357125282,
151,45599,0.05662916973233223,
151,45599,,1.6945050954818726
152,45649,0.009176578372716904,
152,45699,0.052137356251478195,
152,45749,0.039825595915317535,
152,45799,0.033750541508197784,
152,45849,0.7397752404212952,
152,45899,0.020746838301420212,
152,45899,,1.6467570066452026
153,45949,0.01468128152191639,
153,45999,0.2823946475982666,
153,46049,0.06483301520347595,
153,46099,0.06414923816919327,
153,46149,0.004908298142254353,
153,46199,0.03042156994342804,
153,46199,,1.7766013145446777
154,46249,1.6506876945495605,
154,46299,0.012093671597540379,
154,46349,0.003988170530647039,
154,46399,0.01235639676451683,
154,46449,4.872125625610352,
154,46499,4.135046482086182,
154,46499,,1.654242992401123
155,46549,0.03816156089305878,
155,46599,0.006788406055420637,
155,46649,0.34204983711242676,
155,46699,0.007309360895305872,
155,46749,0.007032759487628937,
155,46799,0.05065089091658592,
155,46799,,1.5478951930999756
156,46849,0.02957983873784542,
156,46899,0.0246130358427763,
156,46949,0.02632785029709339,
156,46999,0.024611756205558777,
156,47049,3.5152251720428467,
156,47099,4.124025821685791,
156,47099,,1.750844955444336
157,47149,0.26748305559158325,
157,47199,3.5264289379119873,
157,47249,0.03708271309733391,
157,47299,0.060899242758750916,
157,47349,0.007263562176376581,
157,47399,0.042702168226242065,
157,47399,,1.6829479932785034
158,47449,3.6589856147766113,
158,47499,0.006151196081191301,
158,47549,0.00782223790884018,
158,47599,3.5688607692718506,
158,47649,0.035386718809604645,
158,47699,0.026528818532824516,
158,47699,,1.6835768222808838
159,47749,0.025404566898941994,
159,47799,0.015101860277354717,
159,47849,0.0032769334502518177,
159,47899,0.0375400185585022,
159,47949,0.0760425254702568,
159,47999,0.07199174165725708,
159,47999,,1.5933411121368408
160,48049,3.499155044555664,
160,48099,0.042778924107551575,
160,48149,3.1376209259033203,
160,48199,0.009885639883577824,
160,48249,0.04208264499902725,
160,48299,4.020895481109619,
160,48299,,1.5692572593688965
161,48349,0.0003122795606032014,
161,48399,0.038663215935230255,
161,48449,0.169375479221344,
161,48499,0.01650548353791237,
161,48549,0.05359642207622528,
161,48599,0.03779752179980278,
161,48599,,1.4824110269546509
162,48649,0.038254499435424805,
162,48699,0.008075918070971966,
162,48749,0.009716242551803589,
162,48799,0.23695996403694153,
162,48849,0.019631143659353256,
162,48899,0.03294609859585762,
162,48899,,1.7059671878814697
163,48949,3.8872880935668945,
163,48999,0.04126589000225067,
163,49049,0.01689106971025467,
163,49099,1.3203468322753906,
163,49149,0.02688595838844776,
163,49199,4.463761329650879,
163,49199,,1.37617826461792
164,49249,0.023371342569589615,
164,49299,0.02389025129377842,
164,49349,3.24177885055542,
164,49399,0.029358413070440292,
164,49449,0.06812784820795059,
164,49499,3.6711535453796387,
164,49499,,1.6628526449203491
165,49549,2.7904181480407715,
165,49599,0.10543780773878098,
165,49649,3.1717493534088135,
165,49699,0.01824384368956089,
165,49749,0.13427966833114624,
165,49799,2.6712334156036377,
165,49799,,1.4360816478729248
166,49849,3.2990927696228027,
166,49899,0.010849887505173683,
166,49949,0.010855548083782196,
166,49999,5.310837745666504,
166,50049,0.010224111378192902,
166,50099,0.017225421965122223,
166,50099,,1.471642017364502
167,50149,4.205085754394531,
167,50199,0.014232086017727852,
167,50249,6.366702556610107,
167,50299,0.03412550315260887,
167,50349,0.6825529336929321,
167,50399,0.017698105424642563,
167,50399,,1.474610686302185
168,50449,3.1526384353637695,
168,50499,0.0329158753156662,
168,50549,0.03939741104841232,
168,50599,0.035772453993558884,
168,50649,0.0077932593412697315,
168,50699,5.092835903167725,
168,50699,,1.590799331665039
169,50749,0.005281068850308657,
169,50799,3.4521243572235107,
169,50849,0.03474617749452591,
169,50899,0.02909826673567295,
169,50949,0.0072919647209346294,
169,50999,5.003389358520508,
169,50999,,1.7777903079986572
170,51049,0.01498583983629942,
170,51099,0.016347993165254593,
170,51149,0.031340811401605606,
170,51199,0.008429897017776966,
170,51249,0.009638085961341858,
170,51299,0.06643499433994293,
170,51299,,1.6473644971847534
171,51349,0.008709775283932686,
171,51399,0.018660234287381172,
171,51449,0.009071681648492813,
171,51499,0.016050653532147408,
171,51549,4.170945167541504,
171,51599,0.01375529170036316,
171,51599,,1.7438747882843018
172,51649,0.022847389802336693,
172,51699,0.03753163665533066,
172,51749,0.5615743398666382,
172,51799,4.292348861694336,
172,51849,0.009393423795700073,
172,51899,0.0709879994392395,
172,51899,,1.7231967449188232
173,51949,0.021483799442648888,
173,51999,0.0463087372481823,
173,52049,0.01857762597501278,
173,52099,0.008387931622564793,
173,52149,1.0918505191802979,
173,52199,2.716506004333496,
173,52199,,1.6203616857528687
174,52249,0.019520439207553864,
174,52299,0.02970447763800621,
174,52349,0.014712998643517494,
174,52399,4.385623455047607,
174,52449,0.02231604978442192,
174,52499,3.8694889545440674,
174,52499,,1.7042263746261597
175,52549,2.7959132194519043,
175,52599,0.013049323111772537,
175,52649,0.010889745317399502,
175,52699,0.012207555584609509,
175,52749,0.012463067658245564,
175,52799,0.008629176765680313,
175,52799,,1.7761032581329346
176,52849,0.009013677015900612,
176,52899,0.028366897255182266,
176,52949,0.02549591101706028,
176,52999,0.006369883194565773,
176,53049,0.07697907090187073,
176,53099,0.03388756886124611,
176,53099,,1.7127712965011597
177,53149,0.014133242890238762,
177,53199,0.025520430877804756,
177,53249,0.020497988909482956,
177,53299,3.858018636703491,
177,53349,0.01576625183224678,
177,53399,0.014056018553674221,
177,53399,,1.5954703092575073
178,53449,0.029490603134036064,
178,53499,0.011905565857887268,
178,53549,0.024110330268740654,
178,53599,0.01834251545369625,
178,53649,0.013947165571153164,
178,53699,0.04050776734948158,
178,53699,,1.526120662689209
179,53749,0.016802804544568062,
179,53799,3.500147581100464,
179,53849,0.04963592067360878,
179,53899,5.188925266265869,
179,53949,0.05461009219288826,
179,53999,0.9430580735206604,
179,53999,,1.8097895383834839
180,54049,0.03238212689757347,
180,54099,0.02375103160738945,
180,54149,0.013891088776290417,
180,54199,0.016401000320911407,
180,54249,0.02764693647623062,
180,54299,0.01366345677524805,
180,54299,,1.54664945602417
181,54349,0.052010051906108856,
181,54399,0.017780201509594917,
181,54449,0.5771327018737793,
181,54499,0.02332010120153427,
181,54549,5.11425256729126,
181,54599,0.0380924791097641,
181,54599,,1.1908847093582153
182,54649,2.7909224033355713,
182,54699,0.03375307843089104,
182,54749,0.018826719373464584,
182,54799,0.024046557024121284,
182,54849,1.3675122261047363,
182,54899,0.012893876992166042,
182,54899,,1.6854557991027832
183,54949,0.04514726623892784,
183,54999,0.019247079268097878,
183,55049,0.0607527419924736,
183,55099,0.02279600314795971,
183,55149,4.617752552032471,
183,55199,0.08747473359107971,
183,55199,,1.6638818979263306
184,55249,2.66782283782959,
184,55299,0.033138591796159744,
184,55349,6.113539218902588,
184,55399,1.5010923147201538,
184,55449,0.18399271368980408,
184,55499,0.02662029303610325,
184,55499,,1.6252055168151855
185,55549,5.025167942047119,
185,55599,0.011393246240913868,
185,55649,0.017843203619122505,
185,55699,0.02624261938035488,
185,55749,0.00918201170861721,
185,55799,0.022756502032279968,
185,55799,,1.6366124153137207
186,55849,4.056734085083008,
186,55899,0.03258373215794563,
186,55949,0.013038733042776585,
186,55999,2.695575475692749,
186,56049,0.09958866983652115,
186,56099,0.008734592236578465,
186,56099,,1.5566470623016357
187,56149,0.00929020345211029,
187,56199,0.014640283770859241,
187,56249,0.020885074511170387,
187,56299,0.023022031411528587,
187,56349,3.4154586791992188,
187,56399,2.000593423843384,
187,56399,,1.629742980003357
188,56449,3.337958335876465,
188,56499,0.07090394198894501,
188,56549,0.028492961078882217,
188,56599,0.031120585277676582,
188,56649,0.013180510140955448,
188,56699,4.880924701690674,
188,56699,,1.6459906101226807
189,56749,0.01238394808024168,
189,56799,7.30726242181845e-05,
189,56849,0.011715656146407127,
189,56899,3.8345441818237305,
189,56949,0.012232049368321896,
189,56999,3.7605059146881104,
189,56999,,1.6182881593704224
190,57049,0.012478255666792393,
190,57099,0.004000162705779076,
190,57149,5.740157604217529,
190,57199,0.01501766499131918,
190,57249,3.797649621963501,
190,57299,0.02032862789928913,
190,57299,,1.7863997220993042
191,57349,0.017526395618915558,
191,57399,0.019525818526744843,
191,57449,0.033183567225933075,
191,57499,0.026135550811886787,
191,57549,0.024802371859550476,
191,57599,0.04369863495230675,
191,57599,,1.9558335542678833
192,57649,0.028202572837471962,
192,57699,3.568410634994507,
192,57749,0.033475395292043686,
192,57799,4.557349681854248,
192,57849,4.703414440155029,
192,57899,0.01149189006537199,
192,57899,,1.6162382364273071
193,57949,0.009927187114953995,
193,57999,0.017868028953671455,
193,58049,0.01690279133617878,
193,58099,4.124556289752945e-05,
193,58149,0.009099679067730904,
193,58199,0.017906904220581055,
193,58199,,1.8084803819656372
194,58249,0.008330005221068859,
194,58299,0.014507290907204151,
194,58349,8.093983342405409e-05,
194,58399,0.01737375184893608,
194,58449,0.009556262753903866,
194,58499,6.983761310577393,
194,58499,,1.65945565700531
195,58549,0.016132650896906853,
195,58599,6.131794452667236,
195,58649,3.878685474395752,
195,58699,0.01664196141064167,
195,58749,0.030996354296803474,
195,58799,0.028286129236221313,
195,58799,,1.9713813066482544
196,58849,4.15957498550415,
196,58899,0.021971499547362328,
196,58949,0.02324940636754036,
196,58999,0.08633607625961304,
196,59049,0.006870337296277285,
196,59099,4.336050033569336,
196,59099,,1.603179931640625
197,59149,0.02255057729780674,
197,59199,0.015399482101202011,
197,59249,0.029118528589606285,
197,59299,0.02552635781466961,
197,59349,4.357770919799805,
197,59399,0.006187686696648598,
197,59399,,1.6688851118087769
198,59449,0.01907411403954029,
198,59499,0.02493225783109665,
198,59549,3.6228840351104736,
198,59599,0.017288342118263245,
198,59649,2.512066125869751,
198,59699,0.0392446331679821,
198,59699,,1.6736810207366943
199,59749,0.009507615119218826,
199,59799,3.7991576194763184,
199,59849,2.851989984512329,
199,59899,0.0038607600145041943,
199,59949,0.009057741612195969,
199,59999,0.030481120571494102,
199,59999,,1.555518627166748
200,60049,0.0052745467983186245,
200,60099,0.007969368249177933,
200,60149,0.009832757525146008,
200,60199,0.01783067360520363,
200,60249,3.802703940891661e-05,
200,60299,0.006141006946563721,
200,60299,,1.6537768840789795
201,60349,0.007804141379892826,
201,60399,0.02224470116198063,
201,60449,3.91499924659729,
201,60499,0.0017172842053696513,
201,60549,0.033804018050432205,
201,60599,0.04046541079878807,
201,60599,,1.6937674283981323
202,60649,0.00195526541210711,
202,60699,0.0020249830558896065,
202,60749,0.019330918788909912,
202,60799,0.029345331713557243,
202,60849,0.01814211718738079,
202,60899,0.003385766176506877,
202,60899,,1.6748472452163696
203,60949,0.01688028685748577,
203,60999,0.01684008166193962,
203,61049,0.0079433498904109,
203,61099,0.01206717174500227,
203,61149,0.0025034775026142597,
203,61199,0.015284083783626556,
203,61199,,1.7125654220581055
204,61249,0.015764843672513962,
204,61299,0.025374582037329674,
204,61349,0.022993024438619614,
204,61399,0.23091481626033783,
204,61449,0.0015072186943143606,
204,61499,0.002142516663298011,
204,61499,,1.6581252813339233
205,61549,0.020186809822916985,
205,61599,0.02750789374113083,
205,61649,0.0023399610072374344,
205,61699,0.02487807348370552,
205,61749,0.0054407850839197636,
205,61799,0.01979302428662777,
205,61799,,1.6916965246200562
206,61849,0.03801249340176582,
206,61899,0.004562682006508112,
206,61949,0.0053011090494692326,
206,61999,0.0018594847060739994,
206,62049,0.016807494685053825,
206,62099,0.008730337955057621,
206,62099,,1.5233675241470337
207,62149,0.016200566664338112,
207,62199,0.0024138144217431545,
207,62249,0.014942270703613758,
207,62299,1.698926568031311,
207,62349,2.6948752403259277,
207,62399,6.30300235748291,
207,62399,,1.6649532318115234
208,62449,0.02562791481614113,
208,62499,0.02065599337220192,
208,62549,3.4450221061706543,
208,62599,0.01784062758088112,
208,62649,4.432234764099121,
208,62699,0.003325529396533966,
208,62699,,1.521654725074768
209,62749,0.008785168640315533,
209,62799,2.535327434539795,
209,62849,0.037235476076602936,
209,62899,0.4198618233203888,
209,62949,0.013982431963086128,
209,62999,0.07248425483703613,
209,62999,,1.622069239616394
210,63049,0.013578787446022034,
210,63099,0.015974046662449837,
210,63149,0.014433737844228745,
210,63199,5.044248580932617,
210,63249,0.01645611599087715,
210,63299,4.484659194946289,
210,63299,,1.7479915618896484
211,63349,3.471752882003784,
211,63399,0.0013652060879394412,
211,63449,0.0026072815526276827,
211,63499,0.03317168727517128,
211,63549,0.05271235108375549,
211,63599,0.02091904543340206,
211,63599,,1.8460547924041748
212,63649,0.017023276537656784,
212,63699,0.016250766813755035,
212,63749,0.06843870878219604,
212,63799,0.027361175045371056,
212,63849,0.010750356130301952,
212,63899,0.025209417566657066,
212,63899,,1.8146369457244873
213,63949,0.022396951913833618,
213,63999,0.0014803176745772362,
213,64049,0.011175655759871006,
213,64099,1.266213059425354,
213,64149,0.009017457254230976,
213,64199,0.01777458004653454,
213,64199,,1.5822396278381348
214,64249,0.011605723761022091,
214,64299,0.012591153383255005,
214,64349,0.0783928856253624,
214,64399,0.007545187138020992,
214,64449,6.275400638580322,
214,64499,0.021772295236587524,
214,64499,,1.7186475992202759
215,64549,4.95331335067749,
215,64599,0.019345534965395927,
215,64649,0.008583555929362774,
215,64699,4.090525150299072,
215,64749,0.016193997114896774,
215,64799,0.07436026632785797,
215,64799,,1.8805123567581177
216,64849,0.011362721212208271,
216,64899,6.527397632598877,
216,64949,0.009918807074427605,
216,64999,0.0031943507492542267,
216,65049,0.03333023935556412,
216,65099,0.016846293583512306,
216,65099,,1.7730013132095337
217,65149,3.7672200202941895,
217,65199,0.012680967338383198,
217,65249,4.222879886627197,
217,65299,0.014996761456131935,
217,65349,0.011236599646508694,
217,65399,0.047195643186569214,
217,65399,,1.661491870880127
218,65449,0.01664336957037449,
218,65499,0.04535280540585518,
218,65549,0.0049435291439294815,
218,65599,1.6806504726409912,
218,65649,0.006199060007929802,
218,65699,0.007871678099036217,
218,65699,,1.6971091032028198
219,65749,0.020654475316405296,
219,65799,0.00979132391512394,
219,65849,0.007833356969058514,
219,65899,0.02443099208176136,
219,65949,2.304532527923584,
219,65999,0.005778986494988203,
219,65999,,2.1996819972991943
220,66049,0.010409820824861526,
220,66099,0.015250153839588165,
220,66149,3.2785377502441406,
220,66199,0.01018611527979374,
220,66249,0.01424748171120882,
220,66299,0.0068996986374258995,
220,66299,,1.7734878063201904
221,66349,5.529250144958496,
221,66399,0.013301679864525795,
221,66449,0.014631942845880985,
221,66499,0.05369087681174278,
221,66549,0.013235568068921566,
221,66599,0.015578482300043106,
221,66599,,1.7624586820602417
222,66649,0.0013061572099104524,
222,66699,0.2645576596260071,
222,66749,3.900862693786621,
222,66799,3.013981580734253,
222,66849,0.010171483270823956,
222,66899,0.020934922620654106,
222,66899,,1.7805238962173462
223,66949,0.007848969660699368,
223,66999,0.007454673293977976,
223,67049,4.838515758514404,
223,67099,0.008447982370853424,
223,67149,0.027636384591460228,
223,67199,0.0013497299514710903,
223,67199,,1.7248969078063965
224,67249,0.0037902200128883123,
224,67299,0.011214438825845718,
224,67349,0.011839478276669979,
224,67399,0.006731808185577393,
224,67449,1.833910584449768,
224,67499,0.04894780367612839,
224,67499,,2.126695156097412
225,67549,0.0031527597457170486,
225,67599,0.007718737702816725,
225,67649,0.001384134404361248,
225,67699,0.008310853503644466,
225,67749,4.218258857727051,
225,67799,0.008438880555331707,
225,67799,,1.8787461519241333
226,67849,0.00737397326156497,
226,67899,0.003738915082067251,
226,67949,5.518905162811279,
226,67999,0.001348063233308494,
226,68049,0.001255558105185628,
226,68099,4.9147047996521,
226,68099,,2.1598706245422363
227,68149,0.0032903600949794054,
227,68199,5.214839935302734,
227,68249,0.11864118278026581,
227,68299,0.035281773656606674,
227,68349,0.008372563868761063,
227,68399,0.006374502554535866,
227,68399,,1.673142671585083
228,68449,0.3123389184474945,
228,68499,0.007170182187110186,
228,68549,3.839705467224121,
228,68599,0.012869163416326046,
228,68649,0.009647294878959656,
228,68699,0.01351786870509386,
228,68699,,1.9442723989486694
229,68749,0.007490761578083038,
229,68799,0.011919701471924782,
229,68849,0.045980557799339294,
229,68899,0.03205199912190437,
229,68949,0.06121493875980377,
229,68999,0.002867398550733924,
229,68999,,2.2087886333465576
230,69049,0.005277866963297129,
230,69099,0.007111001759767532,
230,69149,0.005595141556113958,
230,69199,0.010447218082845211,
230,69249,4.4394450187683105,
230,69299,3.44838809967041,
230,69299,,1.9574613571166992
231,69349,0.011227876879274845,
231,69399,0.01068820245563984,
231,69449,0.00682901730760932,
231,69499,0.012496738694608212,
231,69549,0.008324803784489632,
231,69599,0.014341730624437332,
231,69599,,1.9867172241210938
232,69649,0.028171280398964882,
232,69699,0.7130268812179565,
232,69749,0.013749883510172367,
232,69799,0.0045822616666555405,
232,69849,0.004375170916318893,
232,69899,0.004346091765910387,
232,69899,,2.092114210128784
233,69949,0.005803876090794802,
233,69999,0.0026513920165598392,
233,70049,0.017561769112944603,
233,70099,0.0014178233686834574,
233,70149,0.0010949337156489491,
233,70199,0.019032243639230728,
233,70199,,1.8015155792236328
234,70249,0.003800076898187399,
234,70299,0.004180265124887228,
234,70349,0.002017844934016466,
234,70399,0.0056154122576117516,
234,70449,0.003225127002224326,
234,70499,3.7353627681732178,
234,70499,,1.6610833406448364
235,70549,0.004857524763792753,
235,70599,0.003698534332215786,
235,70649,5.146149158477783,
235,70699,0.007328177336603403,
235,70749,7.04218864440918,
235,70799,0.006966231390833855,
235,70799,,1.7168736457824707
236,70849,0.009648003615438938,
236,70899,0.05102761462330818,
236,70949,0.07455025613307953,
236,70999,0.002004044596105814,
236,71049,0.046948399394750595,
236,71099,0.005908404942601919,
236,71099,,1.5666100978851318
237,71149,0.04422421380877495,
237,71199,0.03256561607122421,
237,71249,0.009675276465713978,
237,71299,0.0065327417105436325,
237,71349,0.002176061272621155,
237,71399,0.01468762569129467,
237,71399,,1.5387111902236938
238,71449,0.004804614000022411,
238,71499,0.0016091029392555356,
238,71549,0.0006125480867922306,
238,71599,0.0005584587925113738,
238,71649,0.013253801502287388,
238,71699,0.0021685673855245113,
238,71699,,1.5174533128738403
239,71749,0.0005214046686887741,
239,71799,0.0006685405969619751,
239,71849,0.059325434267520905,
239,71899,0.00252832961268723,
239,71949,0.02877712808549404,
239,71999,6.1032209396362305,
239,71999,,1.831810474395752
240,72049,0.00426787044852972,
240,72099,0.0006205302197486162,
240,72149,0.007109581492841244,
240,72199,0.003222750499844551,
240,72249,3.498974323272705,
240,72299,4.963496685028076,
240,72299,,1.7468937635421753
241,72349,0.005244189407676458,
241,72399,2.6920480728149414,
241,72449,0.0030940540600568056,
241,72499,0.00913783349096775,
241,72549,3.4765331745147705,
241,72599,0.0006257721688598394,
241,72599,,1.7246547937393188
242,72649,0.00587060023099184,
242,72699,0.0005329619161784649,
242,72749,0.000943096645642072,
242,72799,0.005130814854055643,
242,72849,0.0009561972692608833,
242,72899,0.0029541682451963425,
242,72899,,1.7599575519561768
243,72949,0.8618673086166382,
243,72999,0.004746004939079285,
243,73049,0.0012143626809120178,
243,73099,0.00010168035078095272,
243,73149,0.02190852351486683,
243,73199,0.01094728708267212,
243,73199,,1.7244460582733154
244,73249,0.0105577502399683,
244,73299,0.13645623624324799,
244,73349,0.0008800924406386912,
244,73399,0.0018136734142899513,
244,73449,0.007355867885053158,
244,73499,0.02737892046570778,
244,73499,,1.903839111328125
245,73549,0.01119145192205906,
245,73599,0.024897027760744095,
245,73649,0.015182056464254856,
245,73699,0.008491836488246918,
245,73749,0.04321514070034027,
245,73799,1.8526562452316284,
245,73799,,1.655984878540039
246,73849,0.0025144172832369804,
246,73899,5.517074108123779,
246,73949,0.0028977093752473593,
246,73999,0.0075092194601893425,
246,74049,0.13572107255458832,
246,74099,0.006367750931531191,
246,74099,,1.5789297819137573
247,74149,0.08527417480945587,
247,74199,0.41448572278022766,
247,74249,0.0011328000109642744,
247,74299,0.014905393123626709,
247,74349,0.009403815492987633,
247,74399,0.004424544516950846,
247,74399,,1.7377439737319946
248,74449,0.005757296923547983,
248,74499,0.017688149586319923,
248,74549,0.0009779914980754256,
248,74599,0.004735445603728294,
248,74649,0.004579651169478893,
248,74699,0.0038627786561846733,
248,74699,,1.5431009531021118
249,74749,5.633267879486084,
249,74799,0.0039507681503891945,
249,74849,0.01262658555060625,
249,74899,0.004591992124915123,
249,74949,0.01720714196562767,
249,74999,0.017880791798233986,
249,74999,,1.7087864875793457
250,75049,0.0041783656924963,
250,75099,0.0038180090487003326,
250,75149,0.0061635179445147514,
250,75199,0.0022656265646219254,
250,75249,0.004868201911449432,
250,75299,1.3228466510772705,
250,75299,,1.5238823890686035
251,75349,0.010812741704285145,
251,75399,0.007237288635224104,
251,75449,0.005572262220084667,
251,75499,4.381714344024658,
251,75549,0.014599870890378952,
251,75599,3.3489527702331543,
251,75599,,1.7878928184509277
252,75649,4.951746463775635,
252,75699,0.004670544061809778,
252,75749,0.0051202597096562386,
252,75799,0.0608532540500164,
252,75849,5.786287784576416,
252,75899,0.0023247378412634134,
252,75899,,1.6138029098510742
253,75949,0.0015038858400657773,
253,75999,0.0065861535258591175,
253,76049,0.004906518384814262,
253,76099,0.003135290928184986,
253,76149,0.006701613310724497,
253,76199,0.0077629778534173965,
253,76199,,1.5958960056304932
254,76249,0.006025956943631172,
254,76299,0.012667078524827957,
254,76349,0.011359184980392456,
254,76399,0.005547248758375645,
254,76449,0.004580363165587187,
254,76499,0.0016832482069730759,
254,76499,,1.7294436693191528
255,76549,0.004802952986210585,
255,76599,0.0016014858847483993,
255,76649,0.002155244816094637,
255,76699,0.013950456865131855,
255,76749,0.003437683219090104,
255,76799,0.013203215785324574,
255,76799,,1.6319719552993774
256,76849,0.01177762821316719,
256,76899,0.005741058848798275,
256,76949,0.019318291917443275,
256,76999,0.004903197288513184,
256,77049,0.00409122696146369,
256,77099,0.0063714231364429,
256,77099,,1.7517082691192627
257,77149,0.011650734581053257,
257,77199,0.026227058842778206,
257,77249,0.00234650238417089,
257,77299,4.361984729766846,
257,77349,6.78573751449585,
257,77399,0.003598644398152828,
257,77399,,1.6383023262023926
258,77449,0.017846131697297096,
258,77499,0.009222052991390228,
258,77549,3.7781949043273926,
258,77599,6.75409460067749,
258,77649,0.004160914570093155,
258,77699,0.0015476880362257361,
258,77699,,1.8300846815109253
259,77749,0.03657934069633484,
259,77799,4.808544158935547,
259,77849,0.006832332815974951,
259,77899,5.3121747970581055,
259,77949,5.560594081878662,
259,77999,0.0007715824176557362,
259,77999,,1.7462555170059204
260,78049,0.026707347482442856,
260,78099,0.0037235943600535393,
260,78149,0.0029690254013985395,
260,78199,0.005721264518797398,
260,78249,0.010220099240541458,
260,78299,0.0032096796203404665,
260,78299,,1.6721255779266357
261,78349,0.001820098957978189,
261,78399,0.009269652888178825,
261,78449,0.006079158745706081,
261,78499,0.002016774145886302,
261,78549,0.0042580184526741505,
261,78599,0.0031932813581079245,
261,78599,,1.8054990768432617
262,78649,0.2173677682876587,
262,78699,0.0007578838267363608,
262,78749,0.0011268462985754013,
262,78799,6.716066837310791,
262,78849,0.001663492526859045,
262,78899,0.006135675590485334,
262,78899,,1.8346136808395386
263,78949,0.002869894728064537,
263,78999,0.002728907624259591,
263,79049,0.0022705032024532557,
263,79099,0.003371628001332283,
263,79149,0.0006596058374270797,
263,79199,0.006199889350682497,
263,79199,,1.657371997833252
264,79249,0.0012276978231966496,
264,79299,5.871730804443359,
264,79349,3.5834603309631348,
264,79399,0.001255558105185628,
264,79449,0.014255590736865997,
264,79499,0.0003203832311555743,
264,79499,,1.7392995357513428
265,79549,0.0015457835979759693,
265,79599,0.003174149664118886,
265,79649,0.0010409895330667496,
265,79699,0.04925413057208061,
265,79749,3.2442381381988525,
265,79799,0.0051362705416977406,
265,79799,,2.183398723602295
266,79849,0.0017516759689897299,
266,79899,0.01693865656852722,
266,79949,3.666687488555908,
266,79999,0.00146793806925416,
266,80049,0.002882970031350851,
266,80099,3.545114755630493,
266,80099,,2.0368692874908447
267,80149,0.016696477308869362,
267,80199,5.412935256958008,
267,80249,0.009972510859370232,
267,80299,0.004670544061809778,
267,80349,0.004659509286284447,
267,80399,0.0009689403814263642,
267,80399,,2.025484085083008
268,80449,0.0034215261694043875,
268,80499,0.0014059193199500442,
268,80549,0.003799245459958911,
268,80599,3.1880834102630615,
268,80649,0.004859304521232843,
268,80699,0.0009677494526840746,
268,80699,,2.179706335067749
269,80749,0.016285365447402,
269,80799,0.12136001139879227,
269,80849,0.0049184998497366905,
269,80899,3.2323498725891113,
269,80949,0.0016276695532724261,
269,80999,0.0009195152088068426,
269,80999,,1.8625035285949707
270,81049,0.0017516759689897299,
270,81099,0.0003780603874474764,
270,81149,0.005353637970983982,
270,81199,0.0017872564494609833,
270,81249,0.0015024575404822826,
270,81299,0.0020638848654925823,
270,81299,,1.8314095735549927
271,81349,4.378986835479736,
271,81399,0.010757314041256905,
271,81449,3.8783745765686035,
271,81499,0.0016708712792024016,
271,81549,0.002547354670241475,
271,81599,0.004918974358588457,
271,81599,,1.8035050630569458
272,81649,0.0069135501980781555,
272,81699,0.006040886975824833,
272,81749,0.008275149390101433,
272,81799,0.0033843403216451406,
272,81849,0.03724592924118042,
272,81899,0.005503739695996046,
272,81899,,2.0750975608825684
273,81949,0.001104817260056734,
273,81999,0.002094933995977044,
273,82049,0.005283440463244915,
273,82099,0.005924403201788664,
273,82149,4.900446891784668,
273,82199,0.11453506350517273,
273,82199,,1.8300596475601196
274,82249,0.0027602927293628454,
274,82299,0.0023203373420983553,
274,82349,0.05507287755608559,
274,82399,0.0009213017183355987,
274,82449,0.00623045489192009,
274,82499,0.004180858377367258,
274,82499,,1.8736058473587036
275,82549,6.984594345092773,
275,82599,0.0012298409128561616,
275,82649,0.0006163604557514191,
275,82699,0.0011326810345053673,
275,82749,7.786179065704346,
275,82799,6.376521587371826,
275,82799,,1.641001582145691
276,82849,0.002371120499446988,
276,82899,1.2712798118591309,
276,82949,0.0011387537233531475,
276,82999,0.0045194863341748714,
276,83049,0.00042822727118618786,
276,83099,0.0009479796281084418,
276,83099,,1.8316221237182617
277,83149,0.011610083281993866,
277,83199,0.0012857988476753235,
277,83249,0.0013238961109891534,
277,83299,0.0041359844617545605,
277,83349,0.001904937089420855,
277,83399,0.02137400023639202,
277,83399,,1.4546493291854858
278,83449,0.00284707173705101,
278,83499,5.164379596710205,
278,83549,0.0019462230848148465,
278,83599,0.007669644895941019,
278,83649,4.747260093688965,
278,83699,4.3850274085998535,
278,83699,,1.902320146560669
279,83749,0.0015883937012404203,
279,83799,0.3980526924133301,
279,83849,0.0015135272406041622,
279,83899,0.006595509592443705,
279,83949,6.043223857879639,
279,83999,0.19564801454544067,
279,83999,,1.6997559070587158
280,84049,0.00039915222441777587,
280,84099,0.010129827074706554,
280,84149,0.0013703251024708152,
280,84199,5.020726680755615,
280,84249,3.149132251739502,
280,84299,0.013770341873168945,
280,84299,,1.679894208908081
281,84349,0.006027734372764826,
281,84399,2.750587224960327,
281,84449,0.0077213398180902,
281,84499,0.0025248811580240726,
281,84549,4.8982625007629395,
281,84599,0.0006961782928556204,
281,84599,,1.9991434812545776
282,84649,0.013510812073946,
282,84699,7.080780778778717e-05,
282,84749,0.00044371772673912346,
282,84799,0.000302745756926015,
282,84849,0.0027122637256979942,
282,84899,0.0014917447697371244,
282,84899,,1.7757874727249146
283,84949,0.00015960850578267127,
283,84999,5.649035453796387,
283,85049,0.001534000039100647,
283,85099,0.00030989613151177764,
283,85149,0.001081715920008719,
283,85199,0.0021037368569523096,
283,85199,,1.9682785272598267
284,85249,5.304443359375,
284,85299,0.0014546061865985394,
284,85349,0.001379610737785697,
284,85399,0.00013195598148740828,
284,85449,0.008844368159770966,
284,85499,0.007506498135626316,
284,85499,,2.3130009174346924
285,85549,0.004068550653755665,
285,85599,4.083267688751221,
285,85649,2.014285087585449,
285,85699,0.0051820483058691025,
285,85749,0.003979502711445093,
285,85799,5.967191219329834,
285,85799,,1.7800296545028687
286,85849,0.0019975011236965656,
286,85899,0.005316998343914747,
286,85949,1.5800843238830566,
286,85999,0.00264711189083755,
286,86049,5.921634674072266,
286,86099,0.0036657534074038267,
286,86099,,1.994208574295044
287,86149,0.0009400001727044582,
287,86199,0.0036965152248740196,
287,86249,0.00016544880054425448,
287,86299,0.00015948931104503572,
287,86349,0.008237789385020733,
287,86399,0.0023858672939240932,
287,86399,,2.1215250492095947
288,86449,4.699673175811768,
288,86499,0.017140818759799004,
288,86549,6.267186164855957,
288,86599,0.004382173530757427,
288,86649,0.002473511267453432,
288,86699,5.899328231811523,
288,86699,,1.986244559288025
289,86749,0.00010954733443213627,
289,86799,4.779428005218506,
289,86849,0.0004664763400796801,
289,86899,2.826571464538574,
289,86949,0.00041940953815355897,
289,86999,0.00956570915877819,
289,86999,,1.9295891523361206
290,87049,0.007701585069298744,
290,87099,0.0019703751895576715,
290,87149,0.0032447329722344875,
290,87199,0.010898470878601074,
290,87249,0.0034963686484843493,
290,87299,0.0020207001361995935,
290,87299,,2.1121509075164795
291,87349,0.0036696731112897396,
291,87399,0.00542288227006793,
291,87449,0.0038399784825742245,
291,87499,0.00027092601521871984,
291,87549,0.0026257107965648174,
291,87599,0.0008166077313944697,
291,87599,,1.6509679555892944
292,87649,4.863900661468506,
292,87699,0.013947400264441967,
292,87749,8.141662692651153e-05,
292,87799,0.016378015279769897,
292,87849,0.003587122540920973,
292,87899,0.003175813239067793,
292,87899,,2.082857131958008
293,87949,0.0007201223634183407,
293,87999,0.004338257946074009,
293,88049,0.0007329876534640789,
293,88099,0.013946577906608582,
293,88149,0.04629724100232124,
293,88199,0.1693938970565796,
293,88199,,2.1202709674835205
294,88249,9.393251093570143e-05,
294,88299,0.002920055529102683,
294,88349,0.22316214442253113,
294,88399,0.002764810109511018,
294,88449,0.0012886562617495656,
294,88499,0.005842986516654491,
294,88499,,1.731311321258545
295,88549,0.06381780654191971,
295,88599,0.005302769131958485,
295,88649,0.00022909401741344482,
295,88699,0.005215965677052736,
295,88749,0.004909484181553125,
295,88799,0.002666372573003173,
295,88799,,1.8387320041656494
296,88849,0.0028070115949958563,
296,88899,0.002491348423063755,
296,88949,0.004224068485200405,
296,88999,0.00034517052699811757,
296,89049,0.002840890549123287,
296,89099,0.00017474555352237076,
296,89099,,1.9334946870803833
297,89149,0.009383031167089939,
297,89199,0.0034969625994563103,
297,89249,0.0015870844945311546,
297,89299,0.001945747178979218,
297,89349,0.0019858418963849545,
297,89399,0.044972002506256104,
297,89399,,1.9055793285369873
298,89449,0.0016505202511325479,
298,89499,0.0002308817347511649,
298,89549,0.0017185931792482734,
298,89599,0.0016869375249370933,
298,89649,3.092475414276123,
298,89699,0.0003736513026524335,
298,89699,,2.019552230834961
299,89749,0.0037656365893781185,
299,89799,0.004541914910078049,
299,89849,0.0013258008984848857,
299,89899,0.00045718232286162674,
299,89949,0.00590793089941144,
299,89999,4.162624359130859,
299,89999,,2.057835102081299
